<?xml version="1.0" encoding="UTF-8"?>
<project-private xmlns="http://www.netbeans.org/ns/project-private/1">
    <editor-bookmarks xmlns="http://www.netbeans.org/ns/editor-bookmarks/2" lastBookmarkId="0"/>
    <open-files xmlns="http://www.netbeans.org/ns/projectui-open-files/2">
        <group>
            <file>file:/D:/Bang%20Ado/pbo/Code/Sistem%20Parkir/Sistem%20Parkir/src/Sistem_Parkir/Cashier.java</file>
            <file>file:/D:/Bang%20Ado/pbo/Code/Sistem%20Parkir/Sistem%20Parkir/src/Sistem_Parkir/Card.java</file>
            <file>file:/D:/Bang%20Ado/pbo/Code/Sistem%20Parkir/Sistem%20Parkir/src/Sistem_Parkir/Admin.java</file>
            <file>file:/D:/Bang%20Ado/pbo/Code/Sistem%20Parkir/Sistem%20Parkir/src/Sistem_Parkir/ParkSystem1.java</file>
            <file>file:/D:/Bang%20Ado/pbo/Code/Sistem%20Parkir/Sistem%20Parkir/src/Sistem_Parkir/Gate.java</file>
            <file>file:/D:/Bang%20Ado/pbo/Code/Sistem%20Parkir/Sistem%20Parkir/src/Sistem_Parkir/Main.java</file>
            <file>file:/D:/Bang%20Ado/pbo/Code/Sistem%20Parkir/Sistem%20Parkir/src/Sistem_Parkir/Customer.java</file>
            <file>file:/D:/Bang%20Ado/pbo/Code/Sistem%20Parkir/Sistem%20Parkir/src/Sistem_Parkir/ParkSystem.java</file>
            <file>file:/D:/Bang%20Ado/pbo/Code/Sistem%20Parkir/Sistem%20Parkir/src/Sistem_Parkir/ParkingSlot.java</file>
            <file>file:/D:/Bang%20Ado/pbo/Code/Sistem%20Parkir/Sistem%20Parkir/src/Sistem_Parkir/Transaction.java</file>
        </group>
    </open-files>
</project-private>
